{"pearson_corr":0.587049589409181,"epoch":49,"_wandb":{"runtime":297},"_step":49,"_timestamp":1.741689252855372e+09,"val_loss":0.01254500927193192,"r2_score":0.2604788659478563,"_runtime":297.2447652,"train_loss":0.003148129098441226}