{"val_loss":0.011246170463798754,"_wandb":{"runtime":988},"epoch":165,"pearson_corr":0.6122478605096133,"_step":165,"train_loss":0.0009142674181608839,"r2_score":0.34653121915610463,"_timestamp":1.741692587359905e+09,"_runtime":986.403017}