{"val_loss":0.011099600099510122,"_step":73,"train_loss":0.0005815330263221804,"r2_score":0.34721727050790774,"pearson_corr":0.5978055371935349,"_wandb":{"runtime":836},"_timestamp":1.7416964601436467e+09,"_runtime":829.3794627,"epoch":73}