{"_step":2,"val_loss":0.1266836062966853,"_timestamp":1.7416944339477937e+09,"_wandb":{"runtime":30},"pearson_corr":0.026115626717698334,"train_loss":0.01668737512815959,"_runtime":24.6945592,"epoch":2,"r2_score":-6.415938634725359}