{"_step":2,"val_loss":0.022292311185468823,"epoch":2,"_runtime":457.756449,"_timestamp":1.7417852253795981e+09,"train_loss":0.01703103958369161,"r2_score":-0.14909859808297,"pearson_corr":-0.028793638245943682,"_wandb":{"runtime":469}}