{"pearson_corr":0.14726471463553661,"_timestamp":1.7419459326118271e+09,"_wandb":{"runtime":367},"best_corr":0.14726471463553661,"epoch":1,"_runtime":328.1552248,"val_loss":0.018973609207065353,"best_epoch":1,"_step":1,"train_loss":0.018965939116299332,"r2_score":-0.11251163124081409}