{"best_epoch":42,"best_corr":0.7346125898263449,"r2_score":0.5257893680721746,"pearson_corr":0.7291613338225539,"val_loss":0.008130821082592676,"_wandb":{"runtime":15523},"_runtime":15523.242382,"train_loss":4.5122990988031184e-05,"epoch":79,"_step":79,"_timestamp":1.741962523882855e+09}