{"best_epoch":69,"_timestamp":1.741962521107244e+09,"_runtime":15491.7508941,"best_corr":0.7694158637252603,"val_loss":0.007784447500989466,"_wandb":{"runtime":15491},"pearson_corr":0.7647666724620847,"r2_score":0.5693227273237648,"epoch":79,"train_loss":3.8748944728528604e-05,"_step":79}