{"_step":79,"_wandb":{"runtime":12241},"epoch":79,"_timestamp":1.7417978328322165e+09,"val_loss":0.006138253441794842,"r2_score":0.6309806109176744,"_runtime":12241.3349515,"best_epoch":52,"best_corr":0.8108695572058952,"pearson_corr":0.8071134557331375,"train_loss":4.0549191312012674e-05}