{"val_loss":0.011577200100778898,"epoch":53,"train_loss":0.0006291128913738431,"r2_score":0.3160095755560568,"pearson_corr":0.5635403899663946,"_step":53,"_wandb":{"runtime":455},"_timestamp":1.7416931177752326e+09,"_runtime":451.8653235}