{"pearson_corr":0.09777055164964862,"best_epoch":0,"_runtime":178.8009943,"best_corr":0.09777055164964862,"_timestamp":1.7419458115636053e+09,"epoch":0,"train_loss":0.02264616278652829,"_step":0,"_wandb":{"runtime":338},"r2_score":-0.011762526179115662,"val_loss":0.01824944014646244}