{"_runtime":179.3941821,"val_loss":0.018564430447140443,"_timestamp":1.7419458039232826e+09,"_step":0,"best_epoch":0,"r2_score":-0.018912360365374248,"train_loss":0.023010255980234772,"best_corr":-0.03598933929975076,"epoch":0,"_wandb":{"runtime":347},"pearson_corr":-0.03598933929975076}