{"_wandb":{"runtime":12252},"train_loss":3.940086078888515e-05,"val_loss":0.007754963505843767,"epoch":79,"best_corr":0.7745398953428339,"r2_score":0.5759788777090491,"_step":79,"best_epoch":68,"_timestamp":1.7417978370760443e+09,"_runtime":12252.7354426,"pearson_corr":0.7737307068313874}