{"train_loss":3.653623075676268e-05,"r2_score":0.5163602181560799,"_step":79,"best_epoch":52,"_runtime":15509.3474023,"_timestamp":1.7419625158531218e+09,"pearson_corr":0.7237167210629991,"epoch":79,"val_loss":0.008324725741871701,"best_corr":0.7332990310683917,"_wandb":{"runtime":15509}}