{"_runtime":46.3970672,"_step":3,"_wandb":{"runtime":46},"_timestamp":1.7416956107672737e+09,"r2_score":-4.495637314350269,"epoch":3,"val_loss":0.09344624354556846,"pearson_corr":0.10121015350207312,"train_loss":0.010847134663817615}