{"_wandb":{"runtime":7126},"_runtime":7126.986035,"_step":79,"r2_score":0.3011969535658032,"train_loss":0.000685696782439561,"pearson_corr":0.5608752577731962,"_timestamp":1.7417617370879238e+09,"val_loss":0.012062018059783844,"epoch":79}