{"_timestamp":1.7417516449609637e+09,"train_loss":0.000531340285338941,"val_loss":0.02270314475466854,"_runtime":5095.3405335,"_step":34,"_wandb":{"runtime":5182},"pearson_corr":0.2995756414318658,"r2_score":-0.3225086403515667,"epoch":34}