{"_runtime":12235.9903776,"train_loss":4.4493750880563486e-05,"r2_score":0.5756674459859698,"pearson_corr":0.7680141145562819,"best_epoch":73,"epoch":79,"best_corr":0.770360185075209,"_wandb":{"runtime":12235},"val_loss":0.0072558494000252785,"_timestamp":1.7417978146714814e+09,"_step":79}