{"_runtime":352.6378014,"pearson_corr":0.12250672059821242,"epoch":1,"best_epoch":1,"_wandb":{"runtime":354},"_step":1,"_timestamp":1.7419459694726748e+09,"r2_score":-0.026261000245859423,"train_loss":0.018085580106427013,"best_corr":0.12250672059821242,"val_loss":0.017428128071854735}