{"train_loss":0.0010621546847354127,"epoch":49,"_timestamp":1.7416948577418025e+09,"val_loss":0.023014518614028256,"_runtime":390.4299025,"pearson_corr":0.4397509966773502,"_step":49,"_wandb":{"runtime":391},"r2_score":-0.407902564455797}