{"train_loss":0.0003821408518061484,"_wandb":{"runtime":3354},"_runtime":3354.1057841,"val_loss":0.014875581052231673,"_timestamp":1.741699992694665e+09,"epoch":149,"_step":149,"pearson_corr":0.5233772129781257,"r2_score":0.2724731546878352}