{"_runtime":3359.1046288,"val_loss":0.01141757221352833,"epoch":149,"_wandb":{"runtime":3359},"pearson_corr":0.5782567522156979,"train_loss":0.00037635863271920925,"_step":149,"r2_score":0.328271527340704,"_timestamp":1.741699982824539e+09}