{"pearson_corr":-0.06416558693837814,"val_loss":0.07149974060462153,"_wandb":{"runtime":70},"_runtime":66.2824115,"epoch":5,"train_loss":0.020021701752585917,"_step":5,"r2_score":-3.1818659208341664,"_timestamp":1.7416950695223923e+09}