{"pearson_corr":0.3480212682303704,"r2_score":-0.24840874142163782,"_runtime":5158.5243038,"_wandb":{"runtime":5212},"train_loss":0.0005828126843147415,"_timestamp":1.7417516774804323e+09,"_step":34,"val_loss":0.0252611791736199,"epoch":34}