{"_timestamp":1.7416938134983501e+09,"_wandb":{"runtime":682},"pearson_corr":0.5845472124773744,"_runtime":674.6898189,"epoch":78,"_step":78,"train_loss":0.0005898052706487221,"val_loss":0.011238291502521031,"r2_score":0.33591311233817445}