{"_runtime":9227.7299649,"r2_score":0.5350326569933999,"epoch":59,"train_loss":0.00010476666965170641,"pearson_corr":0.7371692590533941,"_timestamp":1.7417844110739026e+09,"_wandb":{"runtime":9249},"_step":59,"val_loss":0.007944534029594595}