{"val_loss":0.01376756654006071,"train_loss":0.00022382053620453762,"pearson_corr":0.5764815163616187,"_timestamp":1.7417456583358667e+09,"_step":149,"_wandb":{"runtime":4293},"_runtime":4293.4932785,"r2_score":0.32947019347463724,"epoch":149}