{"_wandb":{"runtime":2298},"pearson_corr":0.5472286066575663,"epoch":79,"r2_score":0.28925001718354815,"_runtime":2298.7491398,"val_loss":0.012266871758081357,"_step":79,"_timestamp":1.7417540803580863e+09,"train_loss":0.0006764270370913064}