{"_step":149,"val_loss":0.010728722781742453,"train_loss":0.00027246316576205385,"r2_score":0.3703919086285008,"epoch":149,"_timestamp":1.7417456427772386e+09,"_runtime":4293.3680948,"_wandb":{"runtime":4293},"pearson_corr":0.6091195944126985}