{"pearson_corr":0.5936155207516297,"epoch":79,"_runtime":2260.8797539,"_timestamp":1.741754153794009e+09,"val_loss":0.011551025693662368,"r2_score":0.3301629713252001,"_wandb":{"runtime":2260},"_step":79,"train_loss":0.0005559397069230204}