{"pearson_corr":0.7262495159030723,"train_loss":8.91380091837182e-05,"r2_score":0.5098967125018787,"val_loss":0.009938521293282892,"_runtime":9084.9904698,"_timestamp":1.741784281224781e+09,"_step":58,"epoch":58,"_wandb":{"runtime":9213}}