{"best_corr":0.29552638666528147,"train_loss":0.01787247052440324,"r2_score":0.020446576670927974,"_runtime":341.531104,"pearson_corr":0.29552638666528147,"val_loss":0.016862677864675213,"epoch":1,"_wandb":{"runtime":361},"_step":1,"_timestamp":1.741945951253109e+09,"best_epoch":1}