{"val_loss":0.017525471108825855,"pearson_corr":0.2678394549224629,"_step":2,"_timestamp":1.7417852059033372e+09,"_wandb":{"runtime":484},"train_loss":0.017010164360477184,"r2_score":0.041744336710849206,"epoch":2,"_runtime":452.8512481}