{"_step":79,"_runtime":7041.3702352,"_wandb":{"runtime":7041},"epoch":79,"_timestamp":1.7417616682277575e+09,"pearson_corr":0.5211645205793843,"r2_score":0.242403461105554,"train_loss":0.0005372947949714545,"val_loss":0.013176327653438005}