{"_wandb":{"runtime":3341},"_runtime":3341.3144073,"_step":149,"train_loss":0.0005235242880493514,"epoch":149,"val_loss":0.011606547545237891,"pearson_corr":0.5776934024306756,"_timestamp":1.7416999884426863e+09,"r2_score":0.32623082632904055}