{"_step":59,"epoch":59,"r2_score":0.4704854300347172,"val_loss":0.009088557907461924,"_wandb":{"runtime":9233},"pearson_corr":0.6870961496719358,"_timestamp":1.7417843643277197e+09,"_runtime":9160.481821,"train_loss":0.0001203548801240575}