{"epoch":19,"train_loss":0.004274749031304938,"val_loss":0.1466309534324061,"_wandb":{"runtime":133},"_runtime":131.2486302,"_timestamp":1.741688940432315e+09,"_step":19,"pearson_corr":0.07865861437293382,"r2_score":-7.646844481633378}