{"val_loss":0.061157043535581164,"_wandb":{"runtime":284},"pearson_corr":0.11396672834527252,"_step":32,"train_loss":0.0005676683703507492,"epoch":32,"_timestamp":1.7416941226543262e+09,"r2_score":-2.5635943882735126,"_runtime":283.4936998}