{"_runtime":451.9519179,"train_loss":0.002956854904434691,"val_loss":0.0162227634780137,"_wandb":{"runtime":460},"epoch":39,"_step":39,"r2_score":0.04102653801007794,"_timestamp":1.7416955410983958e+09,"pearson_corr":0.3305703800409109}