{"train_loss":0.0005408361445653739,"pearson_corr":0.5573777692093798,"epoch":79,"_wandb":{"runtime":2302},"_step":79,"r2_score":0.30844435457650354,"_runtime":2302.142117,"val_loss":0.011794706074470824,"_timestamp":1.7417540756187541e+09}