{"train_loss":0.00034806449405115294,"_wandb":{"runtime":4245},"epoch":149,"_timestamp":1.7417456522166727e+09,"_runtime":4245.7668653,"_step":149,"r2_score":0.3218572655713714,"pearson_corr":0.5798861876044374,"val_loss":0.01165870773534449}