{"_step":299,"epoch":299,"pearson_corr":0.6499528081637483,"_timestamp":1.7416915986271346e+09,"_runtime":1802.1723235,"train_loss":0.0003858176041054608,"val_loss":0.009971890097475837,"_wandb":{"runtime":1802},"r2_score":0.42144687459164754}