{"val_loss":0.006619795227701346,"train_loss":3.570164214331922e-05,"r2_score":0.6088409958211891,"best_corr":0.8022938414777352,"epoch":79,"_wandb":{"runtime":15518},"_timestamp":1.741962531628144e+09,"pearson_corr":0.7951802368645822,"_runtime":15518.1063982,"best_epoch":57,"_step":79}