{"r2_score":0.3336795254415523,"epoch":79,"_timestamp":1.7417617338903947e+09,"_runtime":7116.0063585,"train_loss":0.0004153823217747248,"pearson_corr":0.5780041543874823,"_wandb":{"runtime":7116},"val_loss":0.013529422229159522,"_step":79}