{"train_loss":0.0005557682055173394,"_step":34,"_timestamp":1.741751654735875e+09,"_runtime":5151.1746816,"r2_score":-0.11590890309082802,"pearson_corr":0.36442683519736613,"val_loss":0.01905166299761612,"_wandb":{"runtime":5228},"epoch":34}