{"_timestamp":1.7417516732985263e+09,"pearson_corr":0.33993395578541924,"_step":34,"val_loss":0.025079294902647948,"_wandb":{"runtime":5220},"_runtime":5162.4396318,"train_loss":0.0005403031786626568,"r2_score":-0.453407165740382,"epoch":34}