{"train_loss":0.002769318083540244,"_timestamp":1.7416943791528702e+09,"pearson_corr":0.2510406717032046,"_runtime":215.0165424,"val_loss":0.023412715561764507,"r2_score":-0.3726968319223982,"_step":11,"_wandb":{"runtime":222},"epoch":11}