{"_wandb":{"runtime":15513},"pearson_corr":0.7105819411328093,"best_corr":0.717665596231293,"epoch":79,"_step":79,"best_epoch":56,"r2_score":0.488716253104547,"_timestamp":1.7419625352324457e+09,"_runtime":15513.9496611,"val_loss":0.009323596721364088,"train_loss":3.53885356951653e-05}