{"r2_score":0.25985053070546915,"_timestamp":1.741699990650988e+09,"_runtime":3360.3269869,"_wandb":{"runtime":3360},"epoch":149,"_step":149,"train_loss":0.0004314546949622065,"val_loss":0.012758656673341397,"pearson_corr":0.5141774821034905}