{"_timestamp":1.741785219897207e+09,"pearson_corr":0.15174788983620696,"_runtime":459.6939942,"r2_score":-0.01793910457956427,"val_loss":0.016952405219137694,"train_loss":0.017703301266616584,"_wandb":{"runtime":477},"epoch":2,"_step":2}