{"r2_score":0.3504556406831286,"pearson_corr":0.5928318021006017,"epoch":79,"val_loss":0.011079291552105897,"train_loss":0.00037639864638929166,"_wandb":{"runtime":7128},"_runtime":7128.9116213,"_step":79,"_timestamp":1.7417617317659228e+09}