{"pearson_corr":0.11042565904626762,"epoch":2,"_step":2,"train_loss":0.01732459616996618,"val_loss":0.01753340169688845,"_wandb":{"runtime":489},"_runtime":431.6321382,"r2_score":-0.02046227086827823,"_timestamp":1.7417851789474692e+09}