{"epoch":14,"_timestamp":1.7416893449694026e+09,"r2_score":-1.4078130087372025,"_runtime":89.7371837,"_step":14,"_wandb":{"runtime":92},"pearson_corr":0.540856446798745,"val_loss":0.04235759813455532,"train_loss":0.008006698319514362}