{"_timestamp":1.7417977201217651e+09,"train_loss":3.086695188603897e-05,"best_epoch":55,"_step":79,"_wandb":{"runtime":12121},"val_loss":0.011663248436244831,"r2_score":0.39722029585876084,"epoch":79,"_runtime":12121.2795084,"pearson_corr":0.6333113219846015,"best_corr":0.6357953223827272}