{"_runtime":9087.6890572,"epoch":58,"pearson_corr":0.785050733056837,"_timestamp":1.7417842766946323e+09,"_wandb":{"runtime":9220},"_step":58,"val_loss":0.006833672030972662,"train_loss":0.00010748979671691426,"r2_score":0.6045710239621691}