{"r2_score":0.33886618715446826,"pearson_corr":0.5835200707158679,"_step":79,"_wandb":{"runtime":2299},"_runtime":2299.550513,"val_loss":0.013417892743652047,"train_loss":0.0005946237112936385,"_timestamp":1.7417540889136078e+09,"epoch":79}