{"val_loss":0.011468834780345546,"_timestamp":1.741745659013648e+09,"r2_score":0.33366035436135466,"pearson_corr":0.5794181017703425,"_wandb":{"runtime":4302},"train_loss":0.00024512808329722735,"_runtime":4302.0807829,"_step":149,"epoch":149}